Target_RNA_ID	Target_RNA_name	A	G	C	U	AA_x	AG	AC	AU	GA	GG	GC	GU	CA	CG	CC	CU	UA	UG	UC	UU	AAA	AAG	AAC	AAU	AGA	AGG	AGC	AGU	ACA	ACG	ACC	ACU	AUA	AUG	AUC	AUU	GAA	GAG	GAC	GAU	GGA	GGG	GGC	GGU	GCA	GCG	GCC	GCU	GUA	GUG	GUC	GUU	CAA	CAG	CAC	CAU	CGA	CGG	CGC	CGU	CCA	CCG	CCC	CCU	CUA	CUG	CUC	CUU	UAA	UAG	UAC	UAU	UGA	UGG	UGC	UGU	UCA	UCG	UCC	UCU	UUA	UUG	UUC	UUU	AAAA	AAAG	AAAC	AAAU	AAGA	AAGG	AAGC	AAGU	AACA	AACG	AACC	AACU	AAUA	AAUG	AAUC	AAUU	AGAA	AGAG	AGAC	AGAU	AGGA	AGGG	AGGC	AGGU	AGCA	AGCG	AGCC	AGCU	AGUA	AGUG	AGUC	AGUU	ACAA	ACAG	ACAC	ACAU	ACGA	ACGG	ACGC	ACGU	ACCA	ACCG	ACCC	ACCU	ACUA	ACUG	ACUC	ACUU	AUAA	AUAG	AUAC	AUAU	AUGA	AUGG	AUGC	AUGU	AUCA	AUCG	AUCC	AUCU	AUUA	AUUG	AUUC	AUUU	GAAA	GAAG	GAAC	GAAU	GAGA	GAGG	GAGC	GAGU	GACA	GACG	GACC	GACU	GAUA	GAUG	GAUC	GAUU	GGAA	GGAG	GGAC	GGAU	GGGA	GGGG	GGGC	GGGU	GGCA	GGCG	GGCC	GGCU	GGUA	GGUG	GGUC	GGUU	GCAA	GCAG	GCAC	GCAU	GCGA	GCGG	GCGC	GCGU	GCCA	GCCG	GCCC	GCCU	GCUA	GCUG	GCUC	GCUU	GUAA	GUAG	GUAC	GUAU	GUGA	GUGG	GUGC	GUGU	GUCA	GUCG	GUCC	GUCU	GUUA	GUUG	GUUC	GUUU	CAAA	CAAG	CAAC	CAAU	CAGA	CAGG	CAGC	CAGU	CACA	CACG	CACC	CACU	CAUA	CAUG	CAUC	CAUU	CGAA	CGAG	CGAC	CGAU	CGGA	CGGG	CGGC	CGGU	CGCA	CGCG	CGCC	CGCU	CGUA	CGUG	CGUC	CGUU	CCAA	CCAG	CCAC	CCAU	CCGA	CCGG	CCGC	CCGU	CCCA	CCCG	CCCC	CCCU	CCUA	CCUG	CCUC	CCUU	CUAA	CUAG	CUAC	CUAU	CUGA	CUGG	CUGC	CUGU	CUCA	CUCG	CUCC	CUCU	CUUA	CUUG	CUUC	CUUU	UAAA	UAAG	UAAC	UAAU	UAGA	UAGG	UAGC	UAGU	UACA	UACG	UACC	UACU	UAUA	UAUG	UAUC	UAUU	UGAA	UGAG	UGAC	UGAU	UGGA	UGGG	UGGC	UGGU	UGCA	UGCG	UGCC	UGCU	UGUA	UGUG	UGUC	UGUU	UCAA	UCAG	UCAC	UCAU	UCGA	UCGG	UCGC	UCGU	UCCA	UCCG	UCCC	UCCU	UCUA	UCUG	UCUC	UCUU	UUAA	UUAG	UUAC	UUAU	UUGA	UUGG	UUGC	UUGU	UUCA	UUCG	UUCC	UUCU	UUUA	UUUG	UUUC	UUUU	AA_y	DNC_AG	DNC_AC	DNC_AU	DNC_GA	DNC_GG	DNC_GC	DNC_GU	DNC_CA	DNC_CG	DNC_CC	DNC_CU	DNC_UA	DNC_UG	DNC_UC	DNC_UU	DNC_Feat_17	DNC_Feat_18	DNC_Feat_19	DNC_Feat_20	DNC_Feat_21	DNC_Feat_22	DNC_Feat_23	DNC_Feat_24	A(((	A((.	A(..	A(.(	A.((	A.(.	A..(	A...	G(((	G((.	G(..	G(.(	G.((	G.(.	G..(	G...	C(((	C((.	C(..	C(.(	C.((	C.(.	C..(	C...	U(((	U((.	U(..	U(.(	U.((	U.(.	U..(	U...	A,A	A,G	A,C	A,U	A,A-U	A,U-A	A,G-C	A,C-G	A,G-U	A,U-G	G,A	G,G	G,C	G,U	G,A-U	G,U-A	G,G-C	G,C-G	G,G-U	G,U-G	C,A	C,G	C,C	C,U	C,A-U	C,U-A	C,G-C	C,C-G	C,G-U	C,U-G	U,A	U,G	U,C	U,U	U,A-U	U,U-A	U,G-C	U,C-G	U,G-U	U,U-G	A-U,A	A-U,G	A-U,C	A-U,U	A-U,A-U	A-U,U-A	A-U,G-C	A-U,C-G	A-U,G-U	A-U,U-G	U-A,A	U-A,G	U-A,C	U-A,U	U-A,A-U	U-A,U-A	U-A,G-C	U-A,C-G	U-A,G-U	U-A,U-G	G-C,A	G-C,G	G-C,C	G-C,U	G-C,A-U	G-C,U-A	G-C,G-C	G-C,C-G	G-C,G-U	G-C,U-G	C-G,A	C-G,G	C-G,C	C-G,U	C-G,A-U	C-G,U-A	C-G,G-C	C-G,C-G	C-G,G-U	C-G,U-G	G-U,A	G-U,G	G-U,C	G-U,U	G-U,A-U	G-U,U-A	G-U,G-C	G-U,C-G	G-U,G-U	G-U,U-G	U-G,A	U-G,G	U-G,C	U-G,U	U-G,A-U	U-G,U-A	U-G,G-C	U-G,C-G	U-G,G-U	U-G,U-G	PS_Feat_101	PS_Feat_102	PS_Feat_103	PS_Feat_104	PS_Feat_105	PS_Feat_106	PS_Feat_107	PS_Feat_108
Target_159	Pri-miR-96 RNAC  (UU loop mutant to AU basepair)	0.325	0.35	0.1	0.225	0.1	0.1	0.025	0.075	0.1	0.1	0.025	0.05	0.025	0.05	0.025	0.0	0.075	0.025	0.025	0.075	0.025	0.05	0.0	0.05	0.025	0.05	0.0	0.025	0.0	0.025	0.0	0.0	0.0	0.0	0.025	0.05	0.025	0.025	0.0	0.025	0.05	0.05	0.0	0.025	0.025	0.0	0.0	0.0	0.025	0.0	0.0	0.025	0.025	0.0	0.0	0.0	0.025	0.0	0.025	0.0	0.0	0.025	0.0	0.0	0.0	0.0	0.0	0.0	0.05	0.0	0.025	0.0	0.0	0.025	0.0	0.0	0.0	0.0	0.025	0.0	0.05	0.025	0.0	0.025	0.0	0.025	0.0	0.0	0.0	0.025	0.0	0.025	0.0	0.0	0.0	0.0	0.0	0.0	0.0	0.05	0.0	0.025	0.0	0.0	0.0	0.025	0.0	0.0	0.0	0.0	0.0	0.0	0.025	0.0	0.0	0.0	0.0	0.0	0.0	0.0	0.025	0.0	0.0	0.0	0.0	0.0	0.0	0.0	0.0	0.0	0.0	0.0	0.0	0.0	0.0	0.0	0.0	0.0	0.0	0.0	0.0	0.0	0.025	0.0	0.025	0.025	0.0	0.0	0.025	0.0	0.0	0.0	0.025	0.025	0.0	0.0	0.0	0.0	0.0	0.0	0.0	0.0	0.025	0.0	0.0	0.025	0.0	0.025	0.025	0.0	0.0	0.025	0.0	0.0	0.0	0.0	0.0	0.0	0.0	0.025	0.025	0.0	0.0	0.0	0.0	0.0	0.0	0.0	0.0	0.0	0.0	0.0	0.0	0.0	0.0	0.0	0.025	0.0	0.0	0.0	0.0	0.0	0.0	0.0	0.0	0.0	0.0	0.0	0.0	0.0	0.0	0.025	0.0	0.025	0.0	0.0	0.0	0.0	0.0	0.0	0.0	0.0	0.0	0.0	0.0	0.0	0.0	0.0	0.025	0.0	0.0	0.0	0.0	0.0	0.0	0.0	0.025	0.0	0.0	0.0	0.0	0.0	0.0	0.0	0.0	0.0	0.0	0.0	0.0	0.0	0.025	0.0	0.0	0.0	0.0	0.0	0.0	0.0	0.0	0.0	0.0	0.0	0.0	0.0	0.0	0.0	0.0	0.0	0.0	0.0	0.0	0.0	0.0	0.0	0.0	0.0	0.0	0.0	0.0	0.05	0.0	0.0	0.0	0.0	0.0	0.025	0.0	0.0	0.0	0.0	0.0	0.0	0.0	0.0	0.0	0.0	0.025	0.0	0.0	0.0	0.0	0.0	0.0	0.0	0.0	0.0	0.0	0.0	0.0	0.0	0.0	0.0	0.0	0.0	0.0	0.0	0.0	0.025	0.0	0.0	0.0	0.0	0.0	0.0	0.025	0.0	0.025	0.0	0.0	0.025	0.0	0.0	0.0	0.0	0.0	0.0	0.025	0.0	0.0	0.0	0.00359	0.0028699999999999997	0.00072	0.00215	0.0028699999999999997	0.0043	0.00072	0.00143	0.00072	0.00143	0.00072	0.0	0.00215	0.00072	0.00072	0.0028699999999999997	0.10422000000000001	0.11202999999999999	0.11347	0.1153	0.11721	0.10847000000000001	0.13504000000000002	0.16629000000000002	0.15789	0.0	0.02632	0.02632	0.0	0.0	0.052629999999999996	0.07895	0.10525999999999999	0.0	0.02632	0.02632	0.052629999999999996	0.02632	0.0	0.07895	0.02632	0.052629999999999996	0.0	0.0	0.0	0.02632	0.0	0.0	0.23684000000000002	0.0	0.0	0.0	0.0	0.0	0.0	0.0	0.0068	0.00227	0.0	0.0	0.0	0.0	0.0068	0.0	0.0	0.0	0.004529999999999999	0.0068	0.0	0.0	0.0	0.0	0.0	0.00227	0.0	0.0	0.0	0.0	0.0	0.0	0.0	0.0	0.0	0.0	0.0	0.0	0.0	0.0	0.0	0.0	0.0	0.0	0.0	0.0	0.0	0.0	0.0	0.0	0.0	0.0	0.004529999999999999	0.004529999999999999	0.0	0.00227	0.0	0.00227	0.0	0.0	0.0	0.0	0.004529999999999999	0.004529999999999999	0.0	0.0	0.00227	0.00227	0.00227	0.0	0.0	0.0	0.0	0.00227	0.00227	0.0	0.00227	0.0	0.00227	0.004529999999999999	0.0	0.0	0.0	0.0	0.0	0.00227	0.0	0.0	0.0	0.0	0.0	0.0	0.00227	0.00227	0.0	0.0	0.00227	0.0	0.0	0.0	0.0	0.0	0.00227	0.0	0.0	0.00227	0.0	0.00227	0.09976	0.09308	0.10515	0.16702	0.11621	0.13784000000000002	0.1179	0.07461
Target_160	Pri-miR-96 RNA1 (Drosha processing site only)	0.3	0.35	0.1	0.25	0.05	0.1	0.025	0.1	0.1	0.1	0.025	0.05	0.025	0.05	0.025	0.0	0.1	0.025	0.025	0.05	0.025	0.05	0.0	0.0	0.025	0.05	0.0	0.025	0.0	0.025	0.0	0.0	0.025	0.025	0.025	0.025	0.025	0.025	0.0	0.025	0.05	0.05	0.0	0.025	0.025	0.0	0.0	0.0	0.025	0.0	0.0	0.025	0.025	0.0	0.0	0.0	0.025	0.0	0.025	0.0	0.0	0.025	0.0	0.0	0.0	0.0	0.0	0.0	0.0	0.0	0.025	0.05	0.0	0.025	0.0	0.0	0.0	0.0	0.025	0.0	0.05	0.0	0.0	0.05	0.0	0.025	0.0	0.0	0.0	0.025	0.0	0.025	0.0	0.0	0.0	0.0	0.0	0.0	0.0	0.0	0.0	0.025	0.0	0.0	0.0	0.025	0.0	0.0	0.0	0.0	0.0	0.0	0.025	0.0	0.0	0.0	0.0	0.0	0.0	0.0	0.025	0.0	0.0	0.0	0.0	0.0	0.0	0.0	0.0	0.0	0.0	0.0	0.0	0.0	0.0	0.025	0.0	0.025	0.0	0.0	0.0	0.0	0.025	0.0	0.0	0.0	0.0	0.025	0.025	0.0	0.0	0.0	0.025	0.025	0.0	0.0	0.0	0.0	0.0	0.0	0.0	0.0	0.025	0.0	0.0	0.025	0.0	0.025	0.025	0.0	0.0	0.025	0.0	0.0	0.0	0.0	0.0	0.0	0.0	0.025	0.025	0.0	0.0	0.0	0.0	0.0	0.0	0.0	0.0	0.0	0.0	0.0	0.0	0.0	0.0	0.0	0.0	0.0	0.0	0.025	0.0	0.0	0.0	0.0	0.0	0.0	0.0	0.0	0.0	0.0	0.0	0.025	0.0	0.025	0.0	0.0	0.0	0.0	0.0	0.0	0.0	0.0	0.0	0.0	0.0	0.0	0.0	0.0	0.025	0.0	0.0	0.0	0.0	0.0	0.0	0.0	0.025	0.0	0.0	0.0	0.0	0.0	0.0	0.0	0.0	0.0	0.0	0.0	0.0	0.0	0.025	0.0	0.0	0.0	0.0	0.0	0.0	0.0	0.0	0.0	0.0	0.0	0.0	0.0	0.0	0.0	0.0	0.0	0.0	0.0	0.0	0.0	0.0	0.0	0.0	0.0	0.0	0.0	0.0	0.0	0.0	0.0	0.0	0.0	0.0	0.025	0.0	0.0	0.025	0.025	0.0	0.025	0.0	0.0	0.0	0.0	0.025	0.0	0.0	0.0	0.0	0.0	0.0	0.0	0.0	0.0	0.0	0.0	0.0	0.0	0.0	0.0	0.0	0.0	0.0	0.0	0.0	0.025	0.0	0.0	0.0	0.0	0.0	0.0	0.0	0.0	0.025	0.025	0.0	0.0	0.0	0.0	0.0	0.0	0.0	0.0	0.05	0.0	0.0	0.0	0.0022199999999999998	0.00296	0.00074	0.00296	0.00296	0.0044399999999999995	0.00074	0.00148	0.00074	0.00148	0.00074	0.0	0.00296	0.00074	0.00074	0.00296	0.10801	0.11125	0.11574000000000001	0.1109	0.11925999999999999	0.10527	0.13365	0.16708	0.07895	0.02632	0.02632	0.02632	0.02632	0.0	0.052629999999999996	0.07895	0.10525999999999999	0.0	0.02632	0.02632	0.052629999999999996	0.02632	0.0	0.07895	0.02632	0.052629999999999996	0.0	0.0	0.0	0.02632	0.0	0.0	0.15789	0.02632	0.0	0.052629999999999996	0.02632	0.0	0.0	0.0	0.00624	0.0020800000000000003	0.0	0.0	0.0	0.0	0.00624	0.0	0.0	0.0	0.0041600000000000005	0.00624	0.0	0.0	0.0	0.0	0.0	0.0020800000000000003	0.0	0.0	0.0	0.0	0.0	0.0	0.0	0.0	0.0	0.0	0.0	0.0	0.0	0.0	0.0	0.0	0.0020800000000000003	0.0020800000000000003	0.0	0.0	0.0	0.0	0.0	0.0	0.0	0.0020800000000000003	0.0	0.0041600000000000005	0.0	0.0020800000000000003	0.0	0.0020800000000000003	0.0	0.0	0.0	0.0020800000000000003	0.0041600000000000005	0.0	0.0	0.0	0.0020800000000000003	0.0020800000000000003	0.0020800000000000003	0.0	0.0	0.0	0.0	0.0020800000000000003	0.0020800000000000003	0.0	0.0020800000000000003	0.0	0.0020800000000000003	0.0041600000000000005	0.0	0.0	0.0	0.0	0.0	0.0020800000000000003	0.0	0.0	0.0	0.0	0.0	0.0	0.0020800000000000003	0.0020800000000000003	0.0	0.0	0.0020800000000000003	0.0	0.0	0.0	0.0	0.0	0.0020800000000000003	0.0	0.0	0.0020800000000000003	0.0	0.0020800000000000003	0.10811	0.10242000000000001	0.11395	0.14414000000000002	0.10655999999999999	0.11685	0.11794	0.10895
Target_161	Pri-miR-96 RNA2 (desired GG loop only)	0.275	0.425	0.125	0.175	0.075	0.1	0.05	0.025	0.125	0.125	0.025	0.075	0.025	0.075	0.025	0.0	0.025	0.05	0.025	0.05	0.025	0.05	0.025	0.0	0.025	0.05	0.0	0.025	0.0	0.05	0.0	0.0	0.0	0.0	0.025	0.0	0.05	0.025	0.0	0.025	0.05	0.05	0.0	0.05	0.025	0.0	0.0	0.0	0.0	0.025	0.0	0.05	0.025	0.0	0.0	0.0	0.05	0.0	0.025	0.0	0.0	0.025	0.0	0.0	0.0	0.0	0.0	0.0	0.0	0.0	0.025	0.0	0.0	0.05	0.0	0.0	0.0	0.0	0.025	0.0	0.025	0.025	0.0	0.025	0.0	0.025	0.0	0.0	0.0	0.025	0.0	0.025	0.0	0.025	0.0	0.0	0.0	0.0	0.0	0.0	0.0	0.025	0.0	0.0	0.0	0.025	0.0	0.0	0.0	0.0	0.0	0.0	0.0	0.0	0.0	0.025	0.0	0.0	0.0	0.0	0.05	0.0	0.0	0.0	0.0	0.0	0.0	0.0	0.0	0.0	0.0	0.0	0.0	0.0	0.0	0.0	0.0	0.0	0.0	0.0	0.0	0.0	0.025	0.0	0.0	0.0	0.0	0.0	0.025	0.0	0.025	0.0	0.025	0.025	0.0	0.0	0.0	0.0	0.0	0.0	0.0	0.0	0.025	0.0	0.0	0.025	0.0	0.025	0.025	0.0	0.0	0.025	0.0	0.0	0.0	0.0	0.0	0.025	0.0	0.025	0.025	0.0	0.0	0.0	0.0	0.0	0.0	0.0	0.0	0.0	0.0	0.0	0.0	0.0	0.0	0.0	0.0	0.0	0.0	0.0	0.0	0.025	0.0	0.0	0.0	0.0	0.0	0.0	0.0	0.025	0.0	0.025	0.0	0.025	0.0	0.0	0.0	0.0	0.0	0.0	0.0	0.0	0.0	0.0	0.0	0.0	0.0	0.0	0.05	0.0	0.0	0.0	0.0	0.0	0.0	0.0	0.025	0.0	0.0	0.0	0.0	0.0	0.0	0.0	0.0	0.0	0.0	0.0	0.0	0.0	0.025	0.0	0.0	0.0	0.0	0.0	0.0	0.0	0.0	0.0	0.0	0.0	0.0	0.0	0.0	0.0	0.0	0.0	0.0	0.0	0.0	0.0	0.0	0.0	0.0	0.0	0.0	0.0	0.0	0.0	0.0	0.0	0.0	0.0	0.0	0.025	0.0	0.0	0.0	0.0	0.0	0.0	0.0	0.0	0.0	0.0	0.025	0.0	0.0	0.025	0.0	0.0	0.0	0.0	0.0	0.0	0.0	0.0	0.0	0.0	0.0	0.0	0.0	0.0	0.0	0.0	0.0	0.025	0.0	0.0	0.0	0.0	0.0	0.0	0.0	0.0	0.025	0.0	0.0	0.025	0.0	0.0	0.0	0.0	0.0	0.0	0.025	0.0	0.0	0.0	0.00293	0.00293	0.00146	0.00073	0.00366	0.00512	0.00073	0.0021899999999999997	0.00073	0.0021899999999999997	0.00073	0.0	0.00073	0.00146	0.00073	0.0021899999999999997	0.12822	0.12127	0.12040999999999999	0.09708	0.14336	0.10253	0.12258	0.13602999999999998	0.07895	0.0	0.02632	0.02632	0.02632	0.0	0.052629999999999996	0.07895	0.10525999999999999	0.0	0.02632	0.07895	0.07895	0.02632	0.0	0.07895	0.02632	0.07895	0.0	0.0	0.0	0.02632	0.0	0.0	0.15789	0.02632	0.0	0.0	0.0	0.0	0.0	0.0	0.00571	0.0019	0.0	0.0	0.0	0.0	0.00571	0.0	0.0	0.0	0.0038	0.00571	0.0	0.0	0.0019	0.0	0.0019	0.0019	0.0	0.0	0.0	0.0	0.0	0.0	0.0	0.0	0.0	0.0	0.0	0.0	0.0	0.0	0.0	0.0	0.0	0.0	0.0	0.0	0.0	0.0	0.0	0.0	0.0	0.0	0.0019	0.0	0.0	0.0038	0.0	0.0019	0.0	0.0019	0.0	0.0	0.0	0.0019	0.0	0.0	0.0019	0.0019	0.0019	0.0	0.0	0.0	0.0	0.0038	0.0019	0.0	0.0019	0.0	0.0019	0.00571	0.0	0.0	0.0	0.0	0.0	0.0019	0.0	0.0	0.0	0.0	0.0	0.0	0.0019	0.0019	0.0	0.0	0.0019	0.0	0.0	0.0	0.0	0.0	0.0019	0.0	0.0	0.0019	0.0	0.0019	0.11032	0.10151	0.11227000000000001	0.13188	0.11445	0.11563	0.11689000000000001	0.12286
Target_162	Pri-miR-96 RNA3 (both the Drosha target site and adjacent target site)	0.28261	0.36956999999999995	0.1087	0.23913	0.04348	0.08696	0.04348	0.08696	0.1087	0.1087	0.02174	0.06522	0.02174	0.06522	0.02174	0.0	0.08696	0.04348	0.02174	0.04348	0.02174	0.04348	0.0	0.0	0.02174	0.04348	0.0	0.02174	0.0	0.04348	0.0	0.0	0.02174	0.02174	0.02174	0.02174	0.02174	0.02174	0.0	0.04348	0.04348	0.04348	0.0	0.04348	0.02174	0.0	0.0	0.0	0.02174	0.02174	0.0	0.02174	0.02174	0.0	0.0	0.0	0.04348	0.0	0.02174	0.0	0.0	0.02174	0.0	0.0	0.0	0.0	0.0	0.0	0.0	0.0	0.04348	0.02174	0.0	0.04348	0.0	0.0	0.0	0.0	0.02174	0.0	0.04348	0.0	0.0	0.04348	0.0	0.02174	0.0	0.0	0.0	0.02174	0.0	0.02174	0.0	0.0	0.0	0.0	0.0	0.0	0.0	0.0	0.0	0.02174	0.0	0.0	0.0	0.02174	0.0	0.0	0.0	0.0	0.0	0.0	0.02174	0.0	0.0	0.0	0.0	0.0	0.0	0.0	0.04348	0.0	0.0	0.0	0.0	0.0	0.0	0.0	0.0	0.0	0.0	0.0	0.0	0.0	0.0	0.02174	0.0	0.02174	0.0	0.0	0.0	0.0	0.02174	0.0	0.0	0.0	0.0	0.02174	0.02174	0.0	0.0	0.0	0.02174	0.02174	0.0	0.0	0.0	0.0	0.0	0.0	0.0	0.0	0.02174	0.02174	0.0	0.02174	0.0	0.02174	0.02174	0.0	0.0	0.02174	0.0	0.0	0.0	0.0	0.0	0.02174	0.0	0.02174	0.02174	0.0	0.0	0.0	0.0	0.0	0.0	0.0	0.0	0.0	0.0	0.0	0.0	0.0	0.0	0.0	0.0	0.0	0.0	0.02174	0.0	0.02174	0.0	0.0	0.0	0.0	0.0	0.0	0.0	0.0	0.0	0.02174	0.0	0.02174	0.0	0.0	0.0	0.0	0.0	0.0	0.0	0.0	0.0	0.0	0.0	0.0	0.0	0.0	0.02174	0.0	0.0	0.02174	0.0	0.0	0.0	0.0	0.02174	0.0	0.0	0.0	0.0	0.0	0.0	0.0	0.0	0.0	0.0	0.0	0.0	0.0	0.02174	0.0	0.0	0.0	0.0	0.0	0.0	0.0	0.0	0.0	0.0	0.0	0.0	0.0	0.0	0.0	0.0	0.0	0.0	0.0	0.0	0.0	0.0	0.0	0.0	0.0	0.0	0.0	0.0	0.0	0.0	0.0	0.0	0.0	0.0	0.04348	0.0	0.0	0.02174	0.02174	0.0	0.0	0.0	0.0	0.0	0.0	0.02174	0.0	0.0	0.02174	0.0	0.0	0.0	0.0	0.0	0.0	0.0	0.0	0.0	0.0	0.0	0.0	0.0	0.0	0.0	0.0	0.0	0.02174	0.0	0.0	0.0	0.0	0.0	0.0	0.0	0.0	0.04348	0.0	0.0	0.0	0.0	0.0	0.0	0.0	0.0	0.0	0.04348	0.0	0.0	0.0	0.00203	0.00271	0.00135	0.00271	0.0033799999999999998	0.00474	0.0006799999999999999	0.00203	0.0006799999999999999	0.00203	0.0006799999999999999	0.0	0.00271	0.00135	0.0006799999999999999	0.00271	0.12165999999999999	0.12347000000000001	0.12567	0.12828	0.12689	0.09562000000000001	0.09849	0.14947	0.06817999999999999	0.02273	0.02273	0.02273	0.04545	0.0	0.04545	0.06817999999999999	0.09091	0.0	0.02273	0.06817999999999999	0.06817999999999999	0.02273	0.0	0.06817999999999999	0.02273	0.06817999999999999	0.0	0.0	0.0	0.02273	0.0	0.0	0.13635999999999998	0.04545	0.0	0.04545	0.02273	0.0	0.0	0.0	0.00533	0.0017800000000000001	0.0	0.0	0.0	0.0	0.00533	0.0	0.0	0.0	0.00355	0.00533	0.0	0.0	0.0017800000000000001	0.0	0.0017800000000000001	0.0017800000000000001	0.0	0.0	0.0	0.0	0.0	0.0	0.0	0.0	0.0	0.0	0.0	0.0	0.0	0.0	0.0	0.0	0.0017800000000000001	0.0017800000000000001	0.0	0.0	0.0	0.0	0.0	0.0	0.0	0.0017800000000000001	0.0	0.00355	0.0	0.00355	0.0	0.0017800000000000001	0.0	0.0017800000000000001	0.0	0.0017800000000000001	0.00355	0.0	0.0	0.0	0.0017800000000000001	0.0017800000000000001	0.0017800000000000001	0.0	0.0	0.0	0.0	0.00355	0.0017800000000000001	0.0	0.0017800000000000001	0.0	0.0017800000000000001	0.00533	0.0	0.0	0.0	0.0	0.0	0.0017800000000000001	0.0	0.0	0.0	0.0	0.0	0.0	0.0017800000000000001	0.0017800000000000001	0.0	0.0	0.0017800000000000001	0.0	0.0	0.0	0.0	0.0	0.0017800000000000001	0.0	0.0	0.0017800000000000001	0.0	0.0017800000000000001	0.11721	0.10898	0.10407999999999999	0.14842	0.11305	0.10989000000000002	0.09016	0.12829000000000002
Target_163	Pri-miR-96 RNA4 (GG to GC loop mutation)	0.28261	0.34783000000000003	0.13043	0.23913	0.04348	0.08696	0.04348	0.08696	0.1087	0.08696	0.02174	0.06522	0.02174	0.08696	0.02174	0.0	0.08696	0.02174	0.04348	0.04348	0.02174	0.04348	0.0	0.0	0.02174	0.04348	0.0	0.02174	0.0	0.04348	0.0	0.0	0.02174	0.0	0.04348	0.02174	0.02174	0.02174	0.0	0.04348	0.04348	0.04348	0.0	0.02174	0.02174	0.0	0.0	0.0	0.02174	0.02174	0.0	0.02174	0.02174	0.0	0.0	0.0	0.04348	0.0	0.02174	0.02174	0.0	0.02174	0.0	0.0	0.0	0.0	0.0	0.0	0.0	0.0	0.04348	0.02174	0.0	0.02174	0.0	0.0	0.0	0.02174	0.02174	0.0	0.04348	0.0	0.0	0.04348	0.0	0.02174	0.0	0.0	0.0	0.02174	0.0	0.02174	0.0	0.0	0.0	0.0	0.0	0.0	0.0	0.0	0.0	0.02174	0.0	0.0	0.0	0.02174	0.0	0.0	0.0	0.0	0.0	0.0	0.02174	0.0	0.0	0.0	0.0	0.0	0.0	0.0	0.04348	0.0	0.0	0.0	0.0	0.0	0.0	0.0	0.0	0.0	0.0	0.0	0.0	0.0	0.0	0.02174	0.0	0.0	0.0	0.0	0.0	0.02174	0.02174	0.0	0.0	0.0	0.0	0.02174	0.02174	0.0	0.0	0.0	0.02174	0.02174	0.0	0.0	0.0	0.0	0.0	0.0	0.0	0.0	0.02174	0.02174	0.0	0.02174	0.0	0.02174	0.02174	0.0	0.0	0.02174	0.0	0.0	0.0	0.0	0.0	0.0	0.0	0.02174	0.02174	0.0	0.0	0.0	0.0	0.0	0.0	0.0	0.0	0.0	0.0	0.0	0.0	0.0	0.0	0.0	0.0	0.0	0.0	0.02174	0.0	0.02174	0.0	0.0	0.0	0.0	0.0	0.0	0.0	0.0	0.0	0.02174	0.0	0.02174	0.0	0.0	0.0	0.0	0.0	0.0	0.0	0.0	0.0	0.0	0.0	0.0	0.0	0.0	0.02174	0.0	0.0	0.02174	0.0	0.0	0.0	0.0	0.02174	0.0	0.0	0.0	0.0	0.02174	0.0	0.0	0.0	0.0	0.0	0.0	0.0	0.0	0.02174	0.0	0.0	0.0	0.0	0.0	0.0	0.0	0.0	0.0	0.0	0.0	0.0	0.0	0.0	0.0	0.0	0.0	0.0	0.0	0.0	0.0	0.0	0.0	0.0	0.0	0.0	0.0	0.0	0.0	0.0	0.0	0.0	0.0	0.0	0.04348	0.0	0.0	0.02174	0.0	0.02174	0.0	0.0	0.0	0.0	0.0	0.02174	0.0	0.0	0.0	0.0	0.0	0.0	0.0	0.0	0.0	0.0	0.0	0.0	0.0	0.0	0.0	0.0	0.0	0.0	0.02174	0.0	0.02174	0.0	0.0	0.0	0.0	0.0	0.0	0.0	0.0	0.04348	0.0	0.0	0.0	0.0	0.0	0.0	0.0	0.0	0.0	0.04348	0.0	0.0	0.0	0.00205	0.00274	0.00137	0.00274	0.0034200000000000003	0.00411	0.0006799999999999999	0.00205	0.0006799999999999999	0.00274	0.0006799999999999999	0.0	0.00274	0.0006799999999999999	0.00137	0.00274	0.12532000000000001	0.11886	0.13183	0.13012	0.11489	0.10378	0.10240999999999999	0.14196	0.09091	0.02273	0.02273	0.02273	0.02273	0.0	0.04545	0.06817999999999999	0.13635999999999998	0.0	0.02273	0.02273	0.04545	0.02273	0.0	0.06817999999999999	0.06817999999999999	0.04545	0.0	0.0	0.0	0.02273	0.0	0.0	0.15909	0.02273	0.0	0.04545	0.02273	0.0	0.0	0.0	0.00551	0.0018399999999999998	0.0	0.0	0.0	0.0	0.00551	0.0	0.0	0.0	0.0036799999999999997	0.00551	0.0	0.0	0.0	0.0	0.0	0.0018399999999999998	0.0	0.0	0.0	0.0	0.0	0.0	0.0	0.0	0.0	0.0	0.0	0.0	0.0	0.0	0.0	0.0	0.0018399999999999998	0.0018399999999999998	0.0	0.0	0.0	0.0	0.0	0.0	0.0	0.0018399999999999998	0.0	0.0036799999999999997	0.0	0.0036799999999999997	0.0	0.0018399999999999998	0.0	0.0	0.0	0.0018399999999999998	0.0036799999999999997	0.0	0.0	0.0018399999999999998	0.0018399999999999998	0.0018399999999999998	0.0018399999999999998	0.0	0.0	0.0	0.0018399999999999998	0.0036799999999999997	0.0018399999999999998	0.0	0.0018399999999999998	0.0	0.0018399999999999998	0.0036799999999999997	0.0	0.0	0.0	0.0	0.0036799999999999997	0.0018399999999999998	0.0	0.0	0.0	0.0	0.0	0.0	0.0018399999999999998	0.0018399999999999998	0.0	0.0	0.0018399999999999998	0.0	0.0	0.0	0.0	0.0	0.0018399999999999998	0.0	0.0	0.0018399999999999998	0.0	0.0018399999999999998	0.09923	0.10149	0.13077	0.15358	0.10488	0.1013	0.0933	0.13275
Target_164	Pri-miR-96 RNA5 (UU loop mutant to UA loop)	0.30435	0.36956999999999995	0.1087	0.21739	0.06522	0.08696	0.04348	0.06522	0.1087	0.1087	0.02174	0.06522	0.02174	0.06522	0.02174	0.0	0.06522	0.04348	0.02174	0.04348	0.04348	0.04348	0.0	0.02174	0.02174	0.04348	0.0	0.02174	0.0	0.04348	0.0	0.0	0.0	0.02174	0.02174	0.02174	0.02174	0.02174	0.0	0.04348	0.04348	0.04348	0.0	0.04348	0.02174	0.0	0.0	0.0	0.02174	0.02174	0.0	0.02174	0.02174	0.0	0.0	0.0	0.04348	0.0	0.02174	0.0	0.0	0.02174	0.0	0.0	0.0	0.0	0.0	0.0	0.02174	0.0	0.04348	0.0	0.0	0.04348	0.0	0.0	0.0	0.0	0.02174	0.0	0.04348	0.0	0.0	0.04348	0.0	0.02174	0.0	0.02174	0.0	0.02174	0.0	0.02174	0.0	0.0	0.0	0.0	0.0	0.02174	0.0	0.0	0.0	0.02174	0.0	0.0	0.0	0.02174	0.0	0.0	0.0	0.0	0.0	0.0	0.02174	0.0	0.0	0.0	0.0	0.0	0.0	0.0	0.04348	0.0	0.0	0.0	0.0	0.0	0.0	0.0	0.0	0.0	0.0	0.0	0.0	0.0	0.0	0.0	0.0	0.02174	0.0	0.0	0.0	0.0	0.02174	0.0	0.0	0.0	0.0	0.02174	0.02174	0.0	0.0	0.0	0.02174	0.02174	0.0	0.0	0.0	0.0	0.0	0.0	0.0	0.0	0.02174	0.02174	0.0	0.02174	0.0	0.02174	0.02174	0.0	0.0	0.02174	0.0	0.0	0.0	0.0	0.0	0.02174	0.0	0.02174	0.02174	0.0	0.0	0.0	0.0	0.0	0.0	0.0	0.0	0.0	0.0	0.0	0.0	0.0	0.0	0.0	0.02174	0.0	0.0	0.0	0.0	0.02174	0.0	0.0	0.0	0.0	0.0	0.0	0.0	0.0	0.0	0.02174	0.0	0.02174	0.0	0.0	0.0	0.0	0.0	0.0	0.0	0.0	0.0	0.0	0.0	0.0	0.0	0.0	0.02174	0.0	0.0	0.02174	0.0	0.0	0.0	0.0	0.02174	0.0	0.0	0.0	0.0	0.0	0.0	0.0	0.0	0.0	0.0	0.0	0.0	0.0	0.02174	0.0	0.0	0.0	0.0	0.0	0.0	0.0	0.0	0.0	0.0	0.0	0.0	0.0	0.0	0.0	0.0	0.0	0.0	0.0	0.0	0.0	0.0	0.0	0.0	0.0	0.02174	0.0	0.0	0.0	0.0	0.0	0.0	0.0	0.0	0.04348	0.0	0.0	0.0	0.0	0.0	0.0	0.0	0.0	0.0	0.0	0.02174	0.0	0.0	0.02174	0.0	0.0	0.0	0.0	0.0	0.0	0.0	0.0	0.0	0.0	0.0	0.0	0.0	0.0	0.0	0.0	0.0	0.02174	0.0	0.0	0.0	0.0	0.0	0.0	0.0	0.0	0.04348	0.0	0.0	0.0	0.0	0.0	0.0	0.0	0.0	0.0	0.04348	0.0	0.0	0.0	0.00331	0.00265	0.00132	0.00198	0.00331	0.00463	0.00066	0.00198	0.00066	0.00198	0.00066	0.0	0.00198	0.00132	0.00066	0.00265	0.11567000000000001	0.1244	0.12844	0.12664	0.12328	0.09748	0.10579000000000001	0.14853	0.13635999999999998	0.0	0.02273	0.02273	0.02273	0.0	0.04545	0.06817999999999999	0.09091	0.0	0.02273	0.06817999999999999	0.06817999999999999	0.02273	0.0	0.06817999999999999	0.02273	0.06817999999999999	0.0	0.0	0.0	0.02273	0.0	0.0	0.20455	0.02273	0.0	0.0	0.0	0.0	0.0	0.0	0.00563	0.0018800000000000002	0.0	0.0	0.0	0.0	0.00563	0.0	0.0	0.0	0.00375	0.00563	0.0	0.0	0.0018800000000000002	0.0	0.0018800000000000002	0.0018800000000000002	0.0	0.0	0.0	0.0	0.0	0.0	0.0	0.0	0.0	0.0	0.0	0.0	0.0	0.0	0.0	0.0	0.0	0.0	0.0	0.0	0.0	0.0	0.0	0.0	0.0	0.0	0.00375	0.00375	0.0	0.00375	0.0	0.0018800000000000002	0.0	0.0018800000000000002	0.0	0.0	0.00375	0.00375	0.0	0.0	0.0018800000000000002	0.0018800000000000002	0.0018800000000000002	0.0	0.0	0.0	0.0	0.00375	0.0018800000000000002	0.0	0.0018800000000000002	0.0	0.0018800000000000002	0.00563	0.0	0.0	0.0	0.0	0.0	0.0018800000000000002	0.0	0.0	0.0	0.0	0.0	0.0	0.0018800000000000002	0.0018800000000000002	0.0	0.0	0.0018800000000000002	0.0	0.0	0.0	0.0	0.0	0.0018800000000000002	0.0	0.0	0.0018800000000000002	0.0	0.0018800000000000002	0.10875	0.09972	0.10203999999999999	0.14866	0.11936	0.12445	0.10385	0.1088
Target_165	Pri-miR-96 AT-rich DNA hairpin	0.14286	0.28570999999999996	0.28570999999999996	0.28570999999999996	0.07143	0.0	0.0	0.07143	0.07143	0.0	0.14286	0.035710000000000006	0.0	0.28570999999999996	0.0	0.0	0.0	0.0	0.10714000000000001	0.14286	0.0	0.0	0.0	0.07143	0.0	0.0	0.0	0.0	0.0	0.0	0.0	0.0	0.0	0.0	0.0	0.07143	0.07143	0.0	0.0	0.0	0.0	0.0	0.0	0.0	0.0	0.14286	0.0	0.0	0.0	0.0	0.0	0.035710000000000006	0.0	0.0	0.0	0.0	0.07143	0.0	0.14286	0.035710000000000006	0.0	0.0	0.0	0.0	0.0	0.0	0.0	0.0	0.0	0.0	0.0	0.0	0.0	0.0	0.0	0.0	0.0	0.10714000000000001	0.0	0.0	0.0	0.0	0.10714000000000001	0.035710000000000006	0.0	0.0	0.0	0.0	0.0	0.0	0.0	0.0	0.0	0.0	0.0	0.0	0.0	0.0	0.0	0.07143	0.0	0.0	0.0	0.0	0.0	0.0	0.0	0.0	0.0	0.0	0.0	0.0	0.0	0.0	0.0	0.0	0.0	0.0	0.0	0.0	0.0	0.0	0.0	0.0	0.0	0.0	0.0	0.0	0.0	0.0	0.0	0.0	0.0	0.0	0.0	0.0	0.0	0.0	0.0	0.0	0.0	0.0	0.0	0.0	0.0	0.0	0.07143	0.0	0.0	0.0	0.0	0.07143	0.0	0.0	0.0	0.0	0.0	0.0	0.0	0.0	0.0	0.0	0.0	0.0	0.0	0.0	0.0	0.0	0.0	0.0	0.0	0.0	0.0	0.0	0.0	0.0	0.0	0.0	0.0	0.0	0.0	0.0	0.0	0.0	0.07143	0.0	0.0	0.035710000000000006	0.0	0.0	0.0	0.0	0.0	0.0	0.0	0.0	0.0	0.0	0.0	0.0	0.0	0.0	0.0	0.0	0.0	0.0	0.0	0.0	0.0	0.0	0.0	0.035710000000000006	0.0	0.0	0.0	0.0	0.0	0.0	0.0	0.0	0.0	0.0	0.0	0.0	0.0	0.0	0.0	0.0	0.07143	0.0	0.0	0.0	0.0	0.0	0.0	0.0	0.0	0.14286	0.0	0.0	0.0	0.0	0.0	0.035710000000000006	0.0	0.0	0.0	0.0	0.0	0.0	0.0	0.0	0.0	0.0	0.0	0.0	0.0	0.0	0.0	0.0	0.0	0.0	0.0	0.0	0.0	0.0	0.0	0.0	0.0	0.0	0.0	0.0	0.0	0.0	0.0	0.0	0.0	0.0	0.0	0.0	0.0	0.0	0.0	0.0	0.0	0.0	0.0	0.0	0.0	0.0	0.0	0.0	0.0	0.0	0.0	0.0	0.0	0.0	0.0	0.0	0.0	0.0	0.0	0.0	0.0	0.0	0.0	0.0	0.0	0.0	0.0	0.0	0.0	0.0	0.10714000000000001	0.0	0.0	0.0	0.0	0.0	0.0	0.0	0.0	0.0	0.0	0.0	0.0	0.0	0.0	0.0	0.0	0.0	0.0	0.10714000000000001	0.0	0.0	0.0	0.0	0.035710000000000006	0.035710000000000006	0.0016699999999999998	0.0	0.0	0.0016699999999999998	0.0016699999999999998	0.0	0.0033399999999999997	0.00084	0.0	0.006690000000000001	0.0	0.0	0.0	0.0	0.00251	0.00418	0.15225	0.07617	0.19313	0.13624	0.18986	0.06891	0.14754	0.013330000000000002	0.15385	0.0	0.0	0.0	0.0	0.0	0.0	0.0	0.23076999999999998	0.03846	0.0	0.0	0.0	0.0	0.0	0.0	0.23076999999999998	0.0	0.0	0.0	0.03846	0.0	0.0	0.0	0.15385	0.0	0.03846	0.0	0.0	0.0	0.03846	0.07692	0.0	0.0	0.0	0.0	0.0	0.0	0.0	0.0	0.0	0.0	0.0	0.0	0.0	0.0	0.0	0.0	0.0	0.0	0.0	0.0	0.0	0.0	0.0	0.0	0.0	0.0	0.0	0.0	0.0	0.0	0.0	0.0	0.0	0.01081	0.0	0.0	0.0	0.0036	0.0	0.0	0.0	0.0	0.0	0.0	0.007209999999999999	0.007209999999999999	0.0	0.0	0.0	0.0	0.0	0.0	0.0	0.0	0.0	0.007209999999999999	0.0	0.007209999999999999	0.0	0.0	0.0	0.0	0.0	0.0036	0.007209999999999999	0.0	0.0	0.014419999999999999	0.0	0.0	0.0	0.0	0.0	0.0	0.0	0.0	0.028839999999999998	0.0	0.0	0.0	0.0	0.0	0.0	0.0	0.0	0.0	0.0	0.0	0.0	0.0	0.0	0.0	0.0	0.0	0.0	0.0	0.0	0.0	0.0	0.0	0.03965	0.08236	0.12847	0.17844000000000002	0.15657000000000001	0.13272	0.1066	0.07786
Target_202	5'UUU/3'AUA, miR-96 Precursor Processing Site	0.20513	0.24359	0.23076999999999998	0.32051	0.03846	0.03846	0.025639999999999996	0.07692	0.03846	0.03846	0.10255999999999998	0.05127999999999999	0.08974	0.025639999999999996	0.03846	0.07692	0.025639999999999996	0.12821	0.0641	0.0641	0.012819999999999998	0.0	0.0	0.025639999999999996	0.0	0.0	0.025639999999999996	0.012819999999999998	0.012819999999999998	0.0	0.0	0.012819999999999998	0.012819999999999998	0.025639999999999996	0.012819999999999998	0.025639999999999996	0.012819999999999998	0.012819999999999998	0.0	0.012819999999999998	0.012819999999999998	0.012819999999999998	0.025639999999999996	0.0	0.05127999999999999	0.0	0.025639999999999996	0.025639999999999996	0.0	0.03846	0.012819999999999998	0.0	0.025639999999999996	0.012819999999999998	0.025639999999999996	0.025639999999999996	0.012819999999999998	0.0	0.012819999999999998	0.0	0.012819999999999998	0.025639999999999996	0.0	0.0	0.012819999999999998	0.012819999999999998	0.025639999999999996	0.012819999999999998	0.0	0.012819999999999998	0.0	0.012819999999999998	0.012819999999999998	0.03846	0.03846	0.025639999999999996	0.012819999999999998	0.0	0.012819999999999998	0.025639999999999996	0.0	0.03846	0.0	0.025639999999999996	0.0	0.0	0.0	0.0	0.0	0.0	0.0	0.0	0.0	0.0	0.0	0.0	0.012819999999999998	0.0	0.012819999999999998	0.0	0.0	0.0	0.0	0.0	0.0	0.0	0.0	0.0	0.025639999999999996	0.0	0.0	0.0	0.0	0.012819999999999998	0.0	0.0	0.0	0.0	0.0	0.012819999999999998	0.0	0.0	0.0	0.0	0.0	0.0	0.0	0.0	0.012819999999999998	0.0	0.0	0.0	0.0	0.0	0.0	0.012819999999999998	0.0	0.012819999999999998	0.0	0.012819999999999998	0.012819999999999998	0.0	0.0	0.0	0.0	0.0	0.0	0.025639999999999996	0.012819999999999998	0.0	0.0	0.0	0.0	0.0	0.012819999999999998	0.0	0.0	0.0	0.0	0.0	0.0	0.0	0.0	0.012819999999999998	0.012819999999999998	0.0	0.0	0.0	0.012819999999999998	0.0	0.0	0.0	0.012819999999999998	0.0	0.012819999999999998	0.0	0.0	0.0	0.0	0.0	0.012819999999999998	0.012819999999999998	0.025639999999999996	0.0	0.0	0.0	0.0	0.0	0.012819999999999998	0.012819999999999998	0.0	0.0	0.0	0.0	0.012819999999999998	0.012819999999999998	0.0	0.0	0.0	0.0	0.0	0.0	0.025639999999999996	0.012819999999999998	0.0	0.0	0.0	0.012819999999999998	0.0	0.0	0.0	0.0	0.0	0.0	0.0	0.025639999999999996	0.0	0.0	0.0	0.012819999999999998	0.012819999999999998	0.0	0.0	0.012819999999999998	0.0	0.012819999999999998	0.0	0.012819999999999998	0.0	0.0	0.0	0.012819999999999998	0.0	0.0	0.0	0.0	0.0	0.0	0.0	0.012819999999999998	0.0	0.0	0.0	0.0	0.012819999999999998	0.0	0.0	0.0	0.012819999999999998	0.0	0.012819999999999998	0.0	0.0	0.0	0.0	0.0	0.0	0.0	0.0	0.0	0.0	0.012819999999999998	0.0	0.0	0.012819999999999998	0.0	0.0	0.0	0.0	0.0	0.012819999999999998	0.025639999999999996	0.0	0.012819999999999998	0.0	0.0	0.0	0.0	0.0	0.0	0.0	0.0	0.012819999999999998	0.0	0.0	0.0	0.0	0.0	0.0	0.012819999999999998	0.0	0.0	0.0	0.012819999999999998	0.0	0.0	0.0	0.012819999999999998	0.025639999999999996	0.0	0.012819999999999998	0.0	0.012819999999999998	0.012819999999999998	0.0	0.025639999999999996	0.012819999999999998	0.0	0.0	0.0	0.0	0.012819999999999998	0.0	0.0	0.0	0.0	0.0	0.012819999999999998	0.0	0.0	0.0	0.012819999999999998	0.012819999999999998	0.0	0.0	0.0	0.0	0.0	0.0	0.012819999999999998	0.012819999999999998	0.012819999999999998	0.0	0.0	0.0	0.0	0.0	0.025639999999999996	0.0	0.025639999999999996	0.00151	0.00114	0.0007599999999999999	0.00227	0.00114	0.00151	0.00303	0.00151	0.00265	0.0007599999999999999	0.00114	0.00227	0.0007599999999999999	0.0037799999999999995	0.0018899999999999998	0.00303	0.10762999999999999	0.11634000000000001	0.13005	0.14356	0.13013	0.12617	0.10051	0.11647	0.09211	0.02632	0.01316	0.01316	0.03947	0.0	0.0	0.01316	0.13158	0.02632	0.0	0.02632	0.03947	0.0	0.01316	0.01316	0.11842000000000001	0.02632	0.0	0.0	0.02632	0.0	0.02632	0.03947	0.10525999999999999	0.052629999999999996	0.052629999999999996	0.02632	0.02632	0.0	0.02632	0.02632	0.00224	0.0	0.0	0.0	0.0	0.0	0.00112	0.0	0.0	0.0	0.0	0.00112	0.0	0.0	0.00112	0.0	0.00112	0.00112	0.0	0.0	0.0	0.0	0.0	0.00336	0.00112	0.0	0.0	0.00112	0.0	0.0	0.0	0.00112	0.00561	0.00112	0.00112	0.00224	0.0	0.0	0.00112	0.0	0.0	0.0	0.0	0.00224	0.00224	0.00448	0.00224	0.00224	0.0	0.0	0.00112	0.00112	0.0	0.00224	0.0	0.00224	0.00561	0.0	0.0	0.00112	0.00112	0.0	0.0	0.00112	0.0	0.00224	0.00224	0.00673	0.0	0.00112	0.0	0.00112	0.0	0.00112	0.00673	0.00224	0.0	0.00224	0.00112	0.0	0.0	0.0	0.0	0.0	0.00112	0.0	0.0	0.00112	0.0	0.0	0.0	0.0	0.0	0.0	0.0	0.0	0.00224	0.0	0.0	0.0	0.08857000000000001	0.10905	0.12432	0.14465999999999998	0.13364	0.11750999999999999	0.09849	0.09742999999999999
Target_203	5'CGAUUU/3'GGUAUA, Expanded miR-96 Precursor Processing Site	0.20513	0.24359	0.23076999999999998	0.32051	0.03846	0.03846	0.025639999999999996	0.07692	0.03846	0.03846	0.10255999999999998	0.05127999999999999	0.08974	0.025639999999999996	0.03846	0.07692	0.025639999999999996	0.12821	0.0641	0.0641	0.012819999999999998	0.0	0.0	0.025639999999999996	0.0	0.0	0.025639999999999996	0.012819999999999998	0.012819999999999998	0.0	0.0	0.012819999999999998	0.012819999999999998	0.025639999999999996	0.012819999999999998	0.025639999999999996	0.012819999999999998	0.012819999999999998	0.0	0.012819999999999998	0.012819999999999998	0.012819999999999998	0.025639999999999996	0.0	0.05127999999999999	0.0	0.025639999999999996	0.025639999999999996	0.0	0.03846	0.012819999999999998	0.0	0.025639999999999996	0.012819999999999998	0.025639999999999996	0.025639999999999996	0.012819999999999998	0.0	0.012819999999999998	0.0	0.012819999999999998	0.025639999999999996	0.0	0.0	0.012819999999999998	0.012819999999999998	0.025639999999999996	0.012819999999999998	0.0	0.012819999999999998	0.0	0.012819999999999998	0.012819999999999998	0.03846	0.03846	0.025639999999999996	0.012819999999999998	0.0	0.012819999999999998	0.025639999999999996	0.0	0.03846	0.0	0.025639999999999996	0.0	0.0	0.0	0.0	0.0	0.0	0.0	0.0	0.0	0.0	0.0	0.0	0.012819999999999998	0.0	0.012819999999999998	0.0	0.0	0.0	0.0	0.0	0.0	0.0	0.0	0.0	0.025639999999999996	0.0	0.0	0.0	0.0	0.012819999999999998	0.0	0.0	0.0	0.0	0.0	0.012819999999999998	0.0	0.0	0.0	0.0	0.0	0.0	0.0	0.0	0.012819999999999998	0.0	0.0	0.0	0.0	0.0	0.0	0.012819999999999998	0.0	0.012819999999999998	0.0	0.012819999999999998	0.012819999999999998	0.0	0.0	0.0	0.0	0.0	0.0	0.025639999999999996	0.012819999999999998	0.0	0.0	0.0	0.0	0.0	0.012819999999999998	0.0	0.0	0.0	0.0	0.0	0.0	0.0	0.0	0.012819999999999998	0.012819999999999998	0.0	0.0	0.0	0.012819999999999998	0.0	0.0	0.0	0.012819999999999998	0.0	0.012819999999999998	0.0	0.0	0.0	0.0	0.0	0.012819999999999998	0.012819999999999998	0.025639999999999996	0.0	0.0	0.0	0.0	0.0	0.012819999999999998	0.012819999999999998	0.0	0.0	0.0	0.0	0.012819999999999998	0.012819999999999998	0.0	0.0	0.0	0.0	0.0	0.0	0.025639999999999996	0.012819999999999998	0.0	0.0	0.0	0.012819999999999998	0.0	0.0	0.0	0.0	0.0	0.0	0.0	0.025639999999999996	0.0	0.0	0.0	0.012819999999999998	0.012819999999999998	0.0	0.0	0.012819999999999998	0.0	0.012819999999999998	0.0	0.012819999999999998	0.0	0.0	0.0	0.012819999999999998	0.0	0.0	0.0	0.0	0.0	0.0	0.0	0.012819999999999998	0.0	0.0	0.0	0.0	0.012819999999999998	0.0	0.0	0.0	0.012819999999999998	0.0	0.012819999999999998	0.0	0.0	0.0	0.0	0.0	0.0	0.0	0.0	0.0	0.0	0.012819999999999998	0.0	0.0	0.012819999999999998	0.0	0.0	0.0	0.0	0.0	0.012819999999999998	0.025639999999999996	0.0	0.012819999999999998	0.0	0.0	0.0	0.0	0.0	0.0	0.0	0.0	0.012819999999999998	0.0	0.0	0.0	0.0	0.0	0.0	0.012819999999999998	0.0	0.0	0.0	0.012819999999999998	0.0	0.0	0.0	0.012819999999999998	0.025639999999999996	0.0	0.012819999999999998	0.0	0.012819999999999998	0.012819999999999998	0.0	0.025639999999999996	0.012819999999999998	0.0	0.0	0.0	0.0	0.012819999999999998	0.0	0.0	0.0	0.0	0.0	0.012819999999999998	0.0	0.0	0.0	0.012819999999999998	0.012819999999999998	0.0	0.0	0.0	0.0	0.0	0.0	0.012819999999999998	0.012819999999999998	0.012819999999999998	0.0	0.0	0.0	0.0	0.0	0.025639999999999996	0.0	0.025639999999999996	0.00151	0.00114	0.0007599999999999999	0.00227	0.00114	0.00151	0.00303	0.00151	0.00265	0.0007599999999999999	0.00114	0.00227	0.0007599999999999999	0.0037799999999999995	0.0018899999999999998	0.00303	0.10762999999999999	0.11634000000000001	0.13005	0.14356	0.13013	0.12617	0.10051	0.11647	0.09211	0.02632	0.01316	0.01316	0.03947	0.0	0.0	0.01316	0.13158	0.02632	0.0	0.02632	0.03947	0.0	0.01316	0.01316	0.11842000000000001	0.02632	0.0	0.0	0.02632	0.0	0.02632	0.03947	0.10525999999999999	0.052629999999999996	0.052629999999999996	0.02632	0.02632	0.0	0.02632	0.02632	0.00224	0.0	0.0	0.0	0.0	0.0	0.00112	0.0	0.0	0.0	0.0	0.00112	0.0	0.0	0.00112	0.0	0.00112	0.00112	0.0	0.0	0.0	0.0	0.0	0.00336	0.00112	0.0	0.0	0.00112	0.0	0.0	0.0	0.00112	0.00561	0.00112	0.00112	0.00224	0.0	0.0	0.00112	0.0	0.0	0.0	0.0	0.00224	0.00224	0.00448	0.00224	0.00224	0.0	0.0	0.00112	0.00112	0.0	0.00224	0.0	0.00224	0.00561	0.0	0.0	0.00112	0.00112	0.0	0.0	0.00112	0.0	0.00224	0.00224	0.00673	0.0	0.00112	0.0	0.00112	0.0	0.00112	0.00673	0.00224	0.0	0.00224	0.00112	0.0	0.0	0.0	0.0	0.0	0.00112	0.0	0.0	0.00112	0.0	0.0	0.0	0.0	0.0	0.0	0.0	0.0	0.00224	0.0	0.0	0.0	0.08857000000000001	0.10905	0.12432	0.14465999999999998	0.13364	0.11750999999999999	0.09849	0.09742999999999999
Target_227	Pre-miR-210	0.16667	0.26666999999999996	0.43333	0.13333	0.0	0.05	0.1	0.0	0.05	0.016669999999999997	0.15	0.05	0.1	0.06667000000000001	0.11667000000000001	0.08333	0.0	0.13333	0.0	0.0	0.0	0.0	0.0	0.0	0.016669999999999997	0.0	0.03333	0.0	0.03333	0.0	0.03333	0.03333	0.0	0.0	0.0	0.0	0.0	0.0	0.03333	0.0	0.0	0.0	0.016669999999999997	0.0	0.016669999999999997	0.05	0.05	0.03333	0.0	0.03333	0.0	0.0	0.0	0.03333	0.05	0.0	0.0	0.016669999999999997	0.03333	0.016669999999999997	0.05	0.016669999999999997	0.06667000000000001	0.016669999999999997	0.0	0.08333	0.0	0.0	0.0	0.0	0.0	0.0	0.03333	0.0	0.06667000000000001	0.03333	0.0	0.0	0.0	0.0	0.0	0.0	0.0	0.0	0.0	0.0	0.0	0.0	0.0	0.0	0.0	0.0	0.0	0.0	0.0	0.0	0.0	0.0	0.0	0.0	0.0	0.0	0.016669999999999997	0.0	0.0	0.0	0.0	0.0	0.0	0.016669999999999997	0.016669999999999997	0.0	0.0	0.0	0.0	0.0	0.0	0.016669999999999997	0.016669999999999997	0.0	0.0	0.0	0.0	0.0	0.0	0.016669999999999997	0.016669999999999997	0.0	0.0	0.03333	0.0	0.0	0.0	0.0	0.0	0.0	0.0	0.0	0.0	0.0	0.0	0.0	0.0	0.0	0.0	0.0	0.0	0.0	0.0	0.0	0.0	0.0	0.0	0.0	0.0	0.0	0.016669999999999997	0.0	0.016669999999999997	0.0	0.0	0.0	0.0	0.0	0.0	0.0	0.0	0.0	0.0	0.0	0.0	0.0	0.0	0.0	0.0	0.016669999999999997	0.0	0.0	0.0	0.0	0.0	0.0	0.016669999999999997	0.0	0.0	0.016669999999999997	0.016669999999999997	0.016669999999999997	0.0	0.0	0.05	0.0	0.0	0.03333	0.0	0.0	0.0	0.0	0.0	0.0	0.016669999999999997	0.0	0.016669999999999997	0.016669999999999997	0.0	0.0	0.0	0.0	0.0	0.0	0.0	0.0	0.0	0.0	0.0	0.0	0.016669999999999997	0.0	0.016669999999999997	0.0	0.016669999999999997	0.0	0.016669999999999997	0.03333	0.0	0.0	0.0	0.0	0.0	0.0	0.0	0.0	0.0	0.0	0.016669999999999997	0.0	0.016669999999999997	0.0	0.0	0.016669999999999997	0.0	0.016669999999999997	0.0	0.0	0.0	0.016669999999999997	0.03333	0.0	0.0	0.0	0.016669999999999997	0.0	0.05	0.0	0.03333	0.016669999999999997	0.0	0.016669999999999997	0.0	0.0	0.0	0.0	0.0	0.0	0.016669999999999997	0.0	0.05	0.016669999999999997	0.0	0.0	0.0	0.0	0.0	0.0	0.0	0.0	0.0	0.0	0.0	0.0	0.0	0.0	0.0	0.0	0.0	0.0	0.0	0.0	0.0	0.0	0.0	0.0	0.0	0.0	0.016669999999999997	0.0	0.0	0.0	0.0	0.0	0.0	0.03333	0.03333	0.0	0.0	0.03333	0.0	0.0	0.0	0.0	0.0	0.0	0.0	0.0	0.0	0.0	0.0	0.0	0.0	0.0	0.0	0.0	0.0	0.0	0.0	0.0	0.0	0.0	0.0	0.0	0.0	0.0	0.0	0.0	0.0	0.0	0.0	0.0	0.0	0.0	0.0	0.0019100000000000002	0.0038200000000000005	0.0	0.0019100000000000002	0.00064	0.00572	0.0019100000000000002	0.0038200000000000005	0.0025399999999999997	0.006999999999999999	0.00318	0.0	0.00509	0.0	0.0	0.14902	0.11405	0.12345	0.13252	0.11982999999999999	0.09071	0.10517	0.12772999999999998	0.06897	0.034480000000000004	0.0	0.034480000000000004	0.0	0.0	0.0	0.0	0.08621000000000001	0.12069	0.017240000000000002	0.0	0.05172	0.0	0.0	0.0	0.13793	0.017240000000000002	0.034480000000000004	0.10345	0.08621000000000001	0.017240000000000002	0.034480000000000004	0.017240000000000002	0.06897	0.017240000000000002	0.0	0.017240000000000002	0.034480000000000004	0.0	0.0	0.0	0.0	0.0	0.0	0.0	0.0	0.0	0.0	0.0024	0.0	0.0	0.0012	0.0	0.0	0.0	0.0	0.0	0.0	0.0	0.0	0.0	0.0	0.0	0.0036	0.0	0.0	0.0024	0.0024	0.0048	0.0	0.0	0.0	0.0	0.0	0.0	0.0	0.0	0.0012	0.0	0.0	0.0	0.0	0.0	0.0024	0.0	0.0	0.0	0.0036	0.0024	0.0	0.0	0.0	0.0012	0.0	0.0	0.0	0.0	0.007209999999999999	0.0	0.0	0.0	0.0024	0.0	0.0048	0.0012	0.0	0.0024	0.0012	0.006	0.0	0.0	0.0	0.0	0.0024	0.0	0.007209999999999999	0.0036	0.0024	0.0024	0.0	0.0	0.0	0.0	0.0	0.0	0.0	0.0	0.0	0.0	0.0	0.0	0.0	0.0	0.0	0.0	0.0	0.0	0.0	0.0	0.0	0.0	0.12249000000000002	0.10689000000000001	0.13549	0.10375	0.12303	0.10694000000000001	0.12633	0.10424000000000001
